HOLEID,X,Y,Z,th1,th2,th3,F80,P80,M,A,cu_ppm,si_ppm,fe_ppm,s_ppm,A_x_M,th_avg,P80_over_F80
1,556.4330369998934,-521.9991299975663,234.283516946,0.073250932955317,0.3074892809630329,0.5639041988314257,2501.0242984779024,83.63717619111021,1.1253186862050022,106.0,24539.0566037735,79297.137580794,507200.369344413,12400.0,119.28378073773024,0.31488147091659185,0.03344116898104946
2,740.8946509999223,-292.4864499978721,247.783139528,0.0434246915637725,0.1926313539527087,0.4486629797528173,2468.309368182993,82.84667022983813,1.0263934029017534,106.0,3290.72435267125,332333.540630182,34711.7882808181,1500.0,108.79770070758586,0.22823967508976617,0.033564135556810044
2,729.0793129999656,-323.26645999774337,161.89374029,0.0361941686886072,0.1802552773889381,0.4030789661777429,2416.4582143049865,83.29636963345409,0.8861611277168455,106.0,3626.22950819672,233414.863593603,162652.869238005,1100.0,93.93307953798562,0.20650947075176274,0.03447043658373853
3,-315.88009500002954,286.8803000021726,191.313299111,0.049335594450932,0.1777745806037302,0.3770736277007336,2517.6831523041287,80.86406113824619,0.89556038373711,106.0,7020.72557288516,193614.130127633,258735.44409259,2320.0,94.92940067613365,0.20139460091846528,0.0321184423322852
5,213.99207099992785,-485.3250699974597,216.292782562,0.0557385113825903,0.2140988253827504,0.5070940915840739,2514.1046544757937,81.80844770831693,1.2769789914268956,106.0,31608.654750705497,140305.052430886,356110.581506196,16700.0,135.35977309125093,0.2589771427831382,0.032539794062540525
5,196.94651999988127,-529.7302499972284,340.202244669,0.047694164696458,0.1717946080849009,0.3108303353624504,2549.3337912250336,81.65929239449011,0.8127445969586473,106.0,5087.2359963269,177264.150943396,284660.37735849,2150.0,86.15092727761662,0.17677303604793645,0.03203162044749358
5,204.13846499996723,-510.9945999979973,287.921740785,0.0330286711702247,0.1548658938134909,0.3538399294100809,2625.409502695262,77.43639178346447,0.7675790040136734,106.0,4247.63409961685,208905.243790248,246472.861085556,1930.0,81.36337442544938,0.18057816479793218,0.02949497657564193
6,497.1911649999674,-521.5241799969226,289.606527738,0.034073028531035,0.1577128337281286,0.3640138536841179,2575.8649019742875,80.35391292756093,0.8054116667106876,106.0,2693.08994357782,194656.37065637,231501.93050193,1429.9999999999998,85.37363667133289,0.18526657198109384,0.031194925194241815
6,512.9719309998909,-480.4138799980283,168.621102812,0.0456203898656409,0.1617498068783196,0.3579290492286662,2452.1841661393028,86.48415448061859,0.8043501763052124,106.0,3123.7721021611,202991.202346041,225728.250244379,1090.0,85.26111868835252,0.18843308199087558,0.03526821340534895
6,524.6159919998609,-450.08006999641657,79.3503038372,0.0424070341384703,0.1846362211253933,0.3884571721311906,2262.5958234221625,84.94716047530659,0.7482898402859707,106.0,4842.70734032411,193222.003929273,269842.82907662,1510.0,79.31872307031288,0.20516680913168472,0.0375441161854637
6,503.2889759999234,-505.6388399973512,242.856819854,0.0573075447303535,0.2581858562145804,0.535507591832149,2497.5517053061185,84.6303411591721,1.180207484017109,106.0,19492.0159680638,153235.430784123,323519.845111326,18600.0,125.10199330581356,0.28366699759236097,0.03388532096427577
11,552.5592189999297,-284.3112799972296,143.255282958,0.0351458483309615,0.154206065168365,0.3414029584901773,2229.5814878841384,79.03683711204148,0.9213110364448972,106.0,2433.69351669941,207120.458891013,218728.489483747,1030.0,97.6589698631591,0.17691829066316797,0.03544918072810474
11,554.152616999927,-280.1603399962187,155.471287028,0.0338279192786736,0.1554614579473027,0.3980109570301486,2288.3431356308,81.6694274309246,1.1726528933897615,106.0,19242.522756827,155659.931887625,345036.42469646,6080.0,124.30120669931472,0.195766778085375,0.0356893274261562
11,556.9410629998893,-272.8961899969727,176.849294151,0.0382127977414402,0.2059197285907096,0.3926835483297763,2338.979140686976,84.468796049818,0.9889670560464072,106.0,2261.70537491705,214537.593984962,217763.157894736,777.9999999999999,104.83050794091916,0.2122720248873087,0.03611353114718623
13,347.9546909999335,-491.232489997521,242.668666164,0.037650275866565,0.1868607135929952,0.3435443181268691,2375.657849716321,85.74438770793569,0.7534702239525588,106.0,3939.2755751346,194653.883029722,259455.417066155,1960.0,79.86784373897123,0.18935176919547644,0.03609290273772988
13,351.8646439999575,-481.0467199962586,212.692471561,0.037121741095812,0.1770232190640078,0.359555094723386,2280.7971142515485,85.48981500190527,0.8622812549676832,106.0,3782.372227579549,199815.71290009705,255266.731328807,1530.0,91.40181302657442,0.19123335162773528,0.037482428606964914
13,338.94586599990726,-514.7012899965048,311.736073792,0.0454170959596821,0.2216114059006857,0.4487601056145325,2304.555671804461,87.38688978479504,0.8874693781876556,106.0,3441.25809435707,218407.40740740695,201870.37037037,2320.0,94.07175408789149,0.2385962024916334,0.03791919234321267
13,355.02079699991737,-472.8246599975973,188.495386576,0.0382762422873109,0.1840251487336445,0.377532794836571,2437.960030960282,81.98888906207678,0.7055329405536277,106.0,2905.06826009632,203074.856046065,251823.416506717,1530.0,74.78649169868453,0.19994472861917548,0.03363012027304745
14,514.9756679999409,-338.7885399963707,193.341533458,0.0493506124639936,0.2138240798819938,0.4691232473237302,2605.077150610148,78.0933351014237,0.885546791212762,106.0,17089.3658536585,121485.714285714,422319.77294228895,7850.0,93.86795986855277,0.2440993132232392,0.029977359819509792
14,509.19163399992976,-353.8564599975944,148.997438683,0.0452431764724076,0.185145761346631,0.3650706660971788,2529.902710701513,78.7520429627069,0.8794844519249351,106.0,10034.535229904,185067.328699106,291370.40714995,3479.9999999999995,93.22535190404312,0.19848653463873914,0.031128486731756517
15,-825.52641400008,622.3004700019956,217.88873124,0.0538594486810619,0.1850120277091382,0.4091188129509515,2442.0496781687634,82.84599184008755,0.9691463430509506,106.0,4078.7325972155495,220191.593352883,199976.539589442,1560.0,102.72951236340076,0.21599676311371718,0.03392477744441785
18,-525.0152530000778,297.5996900033206,182.240634718,0.0733329811601823,0.2749461340777134,0.4945129942966428,2013.0298697911933,78.7321508674997,1.1152145659487076,106.0,6423.806409417921,185365.079365079,283625.0,1895.0,118.21274399056301,0.28093070317817953,0.0391112680685987
19,943.5752709999216,-520.9017199967057,274.146118203,0.0375203734075475,0.1963258060258141,0.3677989694779643,2585.1723937552283,79.77628996047537,0.909871300901533,106.0,5491.74917491749,265539.637058261,90487.1060171919,2460.0,96.4463578955625,0.20054838297044197,0.030859176027557726
19,937.750599999912,-530.6027699969709,244.70689305,0.0435064907805443,0.1947689334818825,0.4290192802772765,2452.4337677505982,81.8999675844504,1.1171851643556852,106.0,6045.351473922901,296605.832549388,72139.2285983066,3920.0,118.42162742170262,0.2224315681799011,0.03339538407170524
26,772.2216139999218,-776.7444299962372,327.350117861,0.05616485445258,0.1778343077816489,0.3950392159680636,2297.876610535876,77.9183514134484,0.8680226579454485,106.0,8898.37133550488,311339.753482725,85087.63447799798,3070.0,92.01040174221754,0.20967945940076416,0.03390884917675256
28,-519.8026680001058,316.3458500020206,262.047966005,0.0393878699329126,0.1682189776815017,0.3284411424743892,2264.5036720430057,80.73840615306642,0.9642631537951892,106.0,7025.4652301665,212862.857142857,247468.571428571,2520.0,102.21189430229006,0.1786826633629345,0.035653908249230294
28,-517.0604080001358,325.9753800034523,236.113725782,0.0347619057182862,0.1674371394747228,0.3191115380461038,2455.2719635956432,80.47062774973321,0.947040600324278,106.0,4739.29961089494,205985.239852398,247429.88929889305,1739.9999999999998,100.38630363437346,0.17377019441303762,0.032774629019869286
28,-521.629283000133,309.861240003258,279.706384381,0.0428685143143653,0.1646463448549634,0.3247159835011329,2346.9336993520114,80.5014311717521,0.9764065120322094,106.0,6050.38759689922,207778.810408921,268741.635687732,2050.0,103.4990902754142,0.17741028089015387,0.03430068399204398
29,894.1223139999202,-605.6112699974328,326.227356821,0.0327991137176848,0.1741728772326446,0.3790610741134307,2386.415266075037,78.01332764060811,0.9375605005770288,106.0,1793.01252471984,205678.776290631,212982.791586998,558.0,99.38141306116505,0.19534435502125336,0.03269059193076546
48,420.30842799996026,-308.0852599963546,164.756238272,0.0565785708383721,0.2276792318142614,0.4573914959417081,2368.5716214743866,79.95305242468277,0.9888770833287884,106.0,34103.0303030303,103510.642377756,395129.434324065,11100.000000000002,104.82097083285157,0.24721643286478054,0.03375580949285952
48,405.31893899990246,-354.21815999783576,31.4843323288,0.0440245311858367,0.2020739230816976,0.382379828996428,2278.802416185498,78.87280121203437,0.8701738424690729,106.0,5475.28517110266,205072.886297376,238425.655976676,1770.0,92.23842730172173,0.20949276108798742,0.034611513772247124
48,407.4855849999003,-347.54990999773145,50.7480310549,0.0393157650646183,0.1922307264262287,0.4017707911629917,2325.598595594722,83.21527513385755,0.8566142717118924,106.0,4169.81132075471,216848.364717542,210862.239841427,1230.0,90.80111280146059,0.2111057608846129,0.03578230365785761
48,422.0523139999714,-302.718129998073,180.261166515,0.0446143591618777,0.1983312772139142,0.3915133926964587,2352.5211549423298,81.77527738562685,0.8992640568967695,106.0,3069.85294117647,222791.586998088,180898.661567877,848.0,95.32199003105757,0.21148634302408353,0.03476069799152625
49,197.70536099991293,-17.16906999796629,-33.5515508336,0.0688059466424449,0.1924345839241197,0.4084506394497134,2117.7289674578965,82.81868799138216,0.7574617284122441,106.0,4791.42300194931,232449.657869012,210899.31573802495,1200.0,80.29094321169788,0.223230390005426,0.03910731225006427
52,-224.6744680000702,373.903740003705,146.919137341,0.0511385014389224,0.1661312708161235,0.3071535262269051,2196.5260856620957,82.0719180765326,0.8722099608984243,106.0,6120.0,222914.72868217,108862.403100775,2250.0,92.45425585523297,0.17480776616065033,0.037364417664902796
58,313.5644589998992,-159.97126999683678,-24.6095340499,0.074566058408761,0.2310995661505716,0.4406393398245798,2158.7366481401027,79.98024159265991,0.661486214137258,106.0,14506.0009601536,159374.880153403,348396.931927133,4720.0,70.11753869854935,0.24876832146130412,0.03704955936221692
64,-680.628575000097,448.0574100036174,228.390197669,0.036572785855276,0.1617411299422598,0.3318516965010765,1805.0039201860925,82.26294291166995,1.0343783367311674,106.0,4135.69039655996,214368.780487804,240622.43902439,1520.0,109.64410369350375,0.17672187076620408,0.04557493864234311
64,-672.7058850000612,465.8395100031048,272.59281231,0.0416935056819535,0.1850247628027476,0.34521321686809,2306.0789691357804,83.04585458301672,0.9219457416136376,106.0,7690.602409638549,219160.908193484,188918.06515301,2440.0,97.72624861104559,0.19064382845093034,0.03601171325634991
65,-856.1616770001128,543.7952500022948,230.22372546,0.0403823649022184,0.167039960497783,0.3582727627601842,2112.221888984274,76.00874981930279,1.023806014343977,106.0,3470.5301284162,229778.431372549,161656.862745098,1130.0,108.52343752046156,0.18856502938672856,0.03598521074689455
68,-1009.5894290000432,559.0016500037163,220.032265902,0.0718918098190799,0.2228084503477432,0.4381359290847827,2095.4823225563123,81.77497354027358,0.9906786372033612,106.0,4535.27562439449,252131.67938931295,263297.709923664,1580.0,105.01193554355629,0.24427872975053525,0.03902441583974566
68,-1002.0780660001328,578.1104300022125,260.746504437,0.0519086484633185,0.1896237472094626,0.41828877744764,2248.868824817604,81.79469546775837,1.1153484059594243,106.0,26472.0149253731,122186.274509803,394211.764705882,11200.000000000002,118.22693103169898,0.21994039104014038,0.03637148354990976
74,-568.2612740000477,459.5859100036323,152.371138311,0.0525262939463465,0.164654639023829,0.3646925074059068,2216.7760266923488,82.17582976457444,0.8411383058208785,106.0,5424.657534246571,228465.028355387,200667.296786389,1700.0000000000002,89.16066041701312,0.19395781345869412,0.037069974041170496
81,909.5511739999056,-706.8344999980181,292.84454407,0.0576295909571698,0.1788250694737102,0.3807360241764547,2211.851432074095,80.62570595849304,0.9868817507621268,106.0,7069.15408621965,195792.592592592,274357.407407407,2350.0,104.60946558078544,0.2057302282024449,0.03645168241832987
120,342.4451749998844,-382.72031999751925,337.81,0.0423501252219403,0.1762206420470395,0.4026910222663856,2174.237513723427,97.10534353251508,0.8084293098167997,150.0,9629.67164179104,183035.003375617,287065.387485342,2790.0000000000005,121.26439647251996,0.20708726317845513,0.04466179197056542
121,127.0951749999076,-88.51031999662519,251.62,0.0384701297754654,0.1913205054412864,0.4104661417964196,2188.54291644308,115.5080727074908,0.8551161702149764,150.0,3186.0128776622,226433.365292425,229643.336529242,724.0000000000001,128.26742553224648,0.21341892567105714,0.05277852759461524
122,186.68517499987504,-344.5703199971467,334.54,0.0308300979007897,0.1517505350391996,0.326470903874733,1983.8257161308893,102.09887734260566,0.9736089427430722,150.0,3257.79264214046,215387.677725118,239465.402843601,1055.0,146.04134141146082,0.16968384560490743,0.051465648676906936
123,297.1951749998844,-219.90031999722123,266.55,0.0312550922088833,0.1964906352167519,0.4194110268199107,1969.796570870815,116.76222327253302,1.0471992927731435,150.0,4494.79824987846,194772.72727272703,272844.696969697,1429.9999999999998,157.07989391597152,0.21571891808184862,0.05927628517543532
124,365.4751749999122,-180.9503199979663,264.01,0.0386601730339539,0.1681305532533,0.3826813159687548,2222.819841268002,100.82662016575284,1.155265677002253,150.0,3147.99043062201,205308.429118773,238553.63984674297,745.0,173.28985155033794,0.1964906807520029,0.045359780533647094
125,499.2751749999589,-248.82031999714675,238.85,0.043680177587479,0.1749305304856745,0.3871061964387208,2070.978808867499,113.5596421975124,0.9835314433244786,150.0,4588.60406932952,200447.76119403,244059.701492537,1409.9999999999998,147.5297164986718,0.20190563483729143,0.054833802118724594
126,406.11517499992624,-497.6203199978918,339.53,0.0389201183916526,0.1721405555300626,0.4569911588721387,2236.927290438757,111.79596686873056,0.907211722987284,150.0,3739.07738095238,201771.321462043,265426.429240862,1130.0,136.08175844809261,0.222683944264618,0.04997747014244821
127,500.9551749998936,-384.2903199978173,251.97,0.0405651627885224,0.142140441691935,0.3963962396972094,2241.2683538304805,100.48148689438686,1.16017415453553,150.0,4696.97986577181,213309.872922776,227990.224828934,1360.0,174.0261231803295,0.19303394805922225,0.04483242121482559
128,206.02517499995884,-172.02031999640167,348.31,0.0439201183916526,0.2172757114882973,0.4258359755927533,1941.3932752393796,127.31248394340456,1.0159242175942973,150.0,3304.59550023934,225508.604206501,238426.38623326903,937.0,152.3886326391446,0.22901060182423438,0.06557789478677706
129,462.46517499990296,-195.15031999722123,144.25,0.0527601958015794,0.2049255634987315,0.4663514912794713,2111.507190592445,117.74240291574958,1.138454301731836,150.0,6795.43758967001,124514.118792599,431809.152872444,2990.0,170.7681452597754,0.24134575019326074,0.055762255246080174
130,265.7351749999216,-26.780319998040795,171.28,0.0527601958015794,0.2049255634987315,0.4663514912794713,1912.754836648444,111.50197032555924,1.2313763223096763,150.0,20371.884057971,140284.069097888,376623.800383877,6040.0,184.70644834645145,0.24134575019326074,0.05829391628721983
131,80.23517499992158,70.35968000255525,155.54,0.0423751878329105,0.1769655043029051,0.3911111634256639,1949.4563317004067,131.0604487455049,1.150929913571463,150.0,4929.58534233365,199576.109223099,266200.843821132,1790.0,172.63948703571944,0.2034839518538265,0.067229230331714
132,459.76224999991246,-333.0046499967575,140.892192902,0.0600496438601771,0.2095369679296528,0.3826364219823788,2273.096549135099,85.50018259003225,0.807451911197297,106.0,11397.7045908183,166307.662463627,282576.139670223,3580.0,85.58990258691348,0.21740767792406956,0.037613968761056195
132,463.4558689999394,-323.3824399970472,169.20983003,0.0358827483374753,0.1827780662661811,0.3911910279209561,2516.635301492782,79.55126273518208,0.823009753083683,106.0,2154.69613259668,214896.421845574,144821.092278719,572.0,87.2390338268704,0.20328394750820414,0.0316101672292346
132,467.0624629999511,-313.98693999648094,196.860285396,0.0553655920252501,0.2499424764565261,0.4827336434340432,2481.669171014953,89.33548358760345,1.2666585800001815,106.0,45210.23765996339,95053.7634408602,425865.102639296,14000.0,134.26580948001924,0.26268057063860645,0.03599814376187259
132,468.83971399988513,-309.3570399973541,210.485828398,0.0538905049123747,0.2180717689413998,0.4912716198476261,2228.1605074109166,85.28293274748489,0.9655112438359577,106.0,16003.8424591738,151996.086105675,320763.209393346,4390.0,102.34419184661151,0.25441129790046685,0.03827504008972054
133,493.5312959998846,-257.63238999806345,181.862304745,0.0457199511708113,0.1968542160812459,0.3487640137643841,2575.840794512934,82.95778685858073,0.7494130097883481,106.0,4377.35849056603,180916.905444126,260592.168099331,1130.0,79.43777903756491,0.19711272700548044,0.03220610025095407
