HOLEID,X,Y,Z,fr,xr,recovery_pct,ag_ppm,au_ppm,cu_ppm,fe_ppm,s_ppm,si_ppm
1,552.4774669999024,-532.303739996627,205.5292,0.2830151271833303,0.0186736483195323,0.8784821716072408,3.868453,0.559473,5267.969999999999,277450.4,2190.0,185170.63
1,549.263566999929,-540.6762389969081,182.1664,0.2227456395053706,0.0767351043643263,0.920572569379798,2.965905,4.521,18697.73,558611.59,18400.0,62195.06
2,737.6197469999315,-301.0178699977696,223.9768,0.1955713057083942,0.0234064621409921,0.9177857819450916,1.346002,0.352,5444.360000000001,38021.32,2715.0,324693.8
2,745.7748989999527,-279.77296999655664,283.2592,0.1643816282914633,0.0322024462809917,0.9427084694993364,1.16302,0.145705,5681.49,55330.68,2515.0,297536.61
3,-310.27390000002924,301.1009400021285,231.504329881,0.217,0.0797,0.914802618768758,6.66997026759167,2.6,18123.8410596026,227347.698334965,5440.0,223275.220372184
3,-306.22738000005484,311.9092800021172,262.633392299,0.1989999999999999,0.023,0.8165126543313833,2.8358318014053,0.24,5079.32293395287,255829.7600266,1780.0,202817.045928871
5,200.3498509998899,-520.8642699979246,315.4624,0.2176240457060524,0.031381492248062,0.8756597187559269,4.438694,0.317735,7839.34,273992.3,4260.0,186907.6
5,211.1493269999046,-492.730676997453,236.9576,0.1682599995957718,0.0697615087040618,0.8429563505679346,4.445762,1.1155,13794.58,362992.13,8065.0,146501.77
6,506.3532019999111,-497.6562599968165,219.3645,0.2193633015488623,0.0589591439688715,0.9581099895003604,2.042435,3.452796,12962.990000000002,462397.25,13100.0,93321.73
6,509.5399979999056,-489.3543699979782,194.9325,0.2165098929614012,0.0636739961759082,0.9205297430918832,4.072533,2.708977,14964.62,440684.82,9920.0,103474.71
6,500.2247489999281,-513.6214199978858,266.3491,0.2005035523888158,0.0548799224054315,0.9373746112787212,2.800237,2.116526,10963.4,390758.36,9830.0,128867.71
6,494.37207699986175,-528.8681599963456,311.2195,0.2238505920431014,0.0222276462058965,0.9128803666546118,2.720497,0.455832,5092.01,256951.2,2710.0,185147.18
7,-371.59640500007663,386.8847400024533,222.169229867,0.198,0.0289,0.9056868705006867,2.96348034324486,0.14,5846.30672408082,172776.625824693,1980.0,249409.990574929
7,-361.1048250000458,410.72968000359833,291.964,0.2227,0.0384,0.9677899304863592,5.52264349657714,0.061,8768.56476856476,178967.10250054798,2510.0,253151.904861
10,-672.9268250000896,600.7836800031364,306.212,0.317,0.038,0.9345433528693864,4.4372939285586,0.287,12377.1200532091,180804.681831642,4330.0,220566.039831198
10,-672.9268250000896,600.7836800031364,306.212,0.342,0.0579999999999999,0.9352047937243372,5.69380848098745,0.178,20119.6249595861,274830.188679245,7690.0,180522.641509434
11,560.7100619999692,-263.07761099748313,205.7448,0.2571227312920582,0.035645438153957,0.914669561612953,4.375497,0.4215,9405.3,339666.0,2849.9999999999995,162673.8
11,547.6564569999464,-297.08341399766505,105.6676,0.258176558664453,0.0656528576148001,0.8991838360737229,6.066575,0.391,19392.71,374561.26,6370.0,145050.79
11,555.4089499999536,-276.8874799963087,165.1031,0.2604150962359918,0.0367103153745071,0.9028742811643456,4.245469,0.360442,10244.21,270311.86000000004,3240.0,188498.6
13,364.6853679999476,-447.647591996938,114.4006,0.1858490566037736,0.0505174792703151,0.8214,4.165842,1.5405,10684.68,390037.99,5880.0,142062.3
13,359.16975999996066,-462.0162399969995,156.6868,0.2049905497245345,0.0578799607072691,0.9445104213838522,2.22332,0.301018,12352.05,221631.22,10600.0,193537.56
13,362.0501329998952,-454.5126129966229,134.604,0.194712235522748,0.0350085191347753,0.8677946890706518,2.885748,1.1405,7699.240000000001,331016.88,4610.0,167349.55
14,505.3025179998949,-363.9879559967667,119.181,0.2472093629130844,0.0423158987670344,0.8835345514787979,5.360316,0.811,11161.69,262366.57,3410.0000000000005,183518.33
14,512.8012929998804,-344.4529799968004,176.6808,0.248099799242916,0.0504207007459395,0.8652630758896265,3.792693,0.628467,13972.08,331920.06999999995,6310.0,166257.25
14,507.2023379999446,-359.0387539975345,133.7462,0.2314813869172241,0.0307350178166504,0.905342196665316,5.00998,0.33,8300.56,265039.31,2320.0,183610.74
14,517.0666959999362,-333.34122399799526,209.3727,0.1875521833514235,0.0264958292919495,0.8917408807734546,3.882049,0.1475,6047.179999999999,241290.32,2010.0,201915.93
15,-822.1187250000658,630.9585100021213,242.70142897,0.235,0.0583,0.8506576716137332,3.23570156342766,0.22,13393.899204244,188972.972972973,4640.0,197619.757688723
18,-530.0365630000597,283.8649400025606,215.84581181,0.214,0.0323,0.8591639502231964,2.32142857142857,0.34,7623.75580623755,297378.698224852,2210.0,189102.564102564
18,-546.5397990001366,240.87198000214997,330.434639354,0.242,0.0434,0.82422659250156,3.40591290451458,0.29,10972.8656518861,100514.34223541002,3130.0,307000.989119683
19,948.1344509999036,-509.0246509965509,307.2882,0.2420348139860703,0.0463456733897202,0.8819,2.438782,0.1715,12640.76,86633.37000000001,7370.0,267422.58
24,-498.8598250000505,210.34668000228703,399.435,0.257,0.0158,0.9113503325889724,2.09080047789725,0.052,4438.8489208633,26944.2870632672,1140.0,407690.273843248
26,782.8511749999598,-752.7613199967891,397.077,0.2423999999999999,0.0183,0.9366095673836188,2.31408227848101,0.22,4903.77798677328,67915.7972668124,1910.0,321528.046093144
28,-526.5989160001045,294.0251100026071,322.660747951,0.218,0.0486,0.743795702900535,3.64316660102402,0.69,11577.5737071048,329165.510406342,3469.9999999999995,172003.96432111
28,-524.2859700000845,301.15281000360847,303.311206861,0.272,0.0327999999999999,0.717578188738163,4.42760271240526,0.42,10434.195536103702,294666.009852216,3200.0,175694.581280788
29,897.0761479999637,-597.9162699971348,347.6997,0.2628108449370418,0.0234421359223301,0.8151443341801756,3.782178,0.163,6479.89,243673.59,2150.0,200091.0
29,878.1009719999274,-647.3482939973474,209.7632,0.2116523774417562,0.0347638680169879,0.9042259345223678,4.188221,0.377,8561.88,289069.68,2960.0,188084.18
39,601.9311749999179,-666.227319996804,336.522,0.287,0.0175,0.8145376674098379,3.47826086956521,0.446,5400.19102196752,255162.702188392,2150.0,190968.601332064
44,438.450174999889,-533.083319997415,322.729,0.3829999999999999,0.022,0.9535285272499204,5.41458541458541,0.297,9537.14097061736,183495.668912415,3170.0,212708.37343599604
48,418.5830379999243,-313.3954599965364,149.4158,0.3302318103716803,0.0754744639376218,0.852610370194366,5.96033,3.001243,27222.24,543932.52,11900.0,57866.54
48,416.4956599998986,-319.81974999792874,130.8568,0.2504535262943335,0.0343367627785058,0.8958402596491698,4.860699,0.901,10029.34,316546.65,3670.0,162557.96
58,340.9121749999467,-99.80331999622284,172.923,0.3293999999999999,0.0489,0.8125472382528851,9.21732220897894,1.09,17742.8571428571,346798.02955665,5330.0,150366.502463054
62,-740.7898250001017,565.3036800026894,312.076,0.366,0.006,0.8231699821146204,3.38949454905847,0.128,2608.4452975047902,193563.327032136,954.0,223408.31758034
64,-691.3626440000953,425.9038400035352,174.002613231,0.218,0.0447,0.8442088024850191,5.18328734726054,0.53,10569.0499510284,285261.450381679,3620.0,194824.427480916
64,-666.6618250000756,480.4216800034046,308.474,0.367,0.0559999999999999,0.8958499999966056,12.1010901883052,1.808,21958.5687382297,413609.478672985,7370.0,122517.53554502298
64,-685.3746800001245,438.0715500023216,203.757852084,0.214,0.0499,0.8726244416414443,5.39597047676042,0.66,11265.503875969,273178.571428571,3690.0,199609.126984127
64,-676.1166160000721,458.0034400019794,253.082502836,0.218,0.0547,0.8770035941856985,3.99093417422152,0.29,11968.7652513421,283440.158259149,4110.0,181082.096933729
68,-989.1518250000664,616.0876800026745,344.313,0.317,0.023,0.8431439600812665,6.3800549666274,0.467,8252.80898876404,285078.125,2760.0000000000005,184384.765625
81,924.34417499986,-662.8453199975193,431.165,0.2352,0.0368,0.8961899824727915,4.74539330295224,0.2,9741.18783196523,312756.756756756,3650.0,184643.056849953
86,311.26317499997094,-36.40431999787688,142.767,0.2589,0.0157,0.797354381183449,4.41234276729559,0.52,4703.57667809897,273964.356435643,1270.0,202170.297029703
101,349.14817499986384,57.59168000333011,126.552,0.27,0.017,0.8992715566557059,3.70481326143399,0.192,4865.78073089701,232720.90823084203,1419.9999999999998,211271.523178808
132,461.21285499993246,-329.2256899978965,152.0041,0.2989800212412079,0.0662085461689587,0.8982240072590875,6.453222,1.040684,21032.88,303288.07,6919.999999999999,157695.05000000002
133,495.39349599997513,-252.7811899967492,195.3992,0.234099513520533,0.0481955714750894,0.8024543016692782,4.596323,0.8845,12103.13,441740.67,4720.0,118927.11
